id,category
Test_0.jpg,20
Test_1.jpg,15
Test_2.jpg,3
Test_3.jpg,15
Test_4.jpg,14
Test_5.jpg,1
Test_6.jpg,16
Test_7.jpg,24
Test_8.jpg,24
Test_9.jpg,7
Test_10.jpg,24
Test_11.jpg,16
Test_12.jpg,3
Test_13.jpg,9
Test_14.jpg,4
Test_15.jpg,24
Test_16.jpg,10
Test_17.jpg,10
Test_18.jpg,19
Test_19.jpg,14
Test_20.jpg,10
Test_21.jpg,15
Test_22.jpg,18
Test_23.jpg,24
Test_24.jpg,2
Test_25.jpg,18
Test_26.jpg,9
Test_27.jpg,8
Test_28.jpg,12
Test_29.jpg,9
Test_30.jpg,0
Test_31.jpg,4
Test_32.jpg,19
Test_33.jpg,8
Test_34.jpg,3
Test_35.jpg,3
Test_36.jpg,4
Test_37.jpg,0
Test_38.jpg,3
Test_39.jpg,23
Test_40.jpg,5
Test_41.jpg,20
Test_42.jpg,0
Test_43.jpg,23
Test_44.jpg,23
Test_45.jpg,8
Test_46.jpg,22
Test_47.jpg,24
Test_48.jpg,3
Test_49.jpg,0
Test_50.jpg,16
Test_51.jpg,24
Test_52.jpg,8
Test_53.jpg,4
Test_54.jpg,20
Test_55.jpg,16
Test_56.jpg,18
Test_57.jpg,12
Test_58.jpg,16
Test_59.jpg,24
Test_60.jpg,9
Test_61.jpg,18
Test_62.jpg,17
Test_63.jpg,12
Test_64.jpg,12
Test_65.jpg,8
Test_66.jpg,20
Test_67.jpg,0
Test_68.jpg,24
Test_69.jpg,12
Test_70.jpg,6
Test_71.jpg,9
Test_72.jpg,1
Test_73.jpg,10
Test_74.jpg,15
Test_75.jpg,18
Test_76.jpg,18
Test_77.jpg,7
Test_78.jpg,4
Test_79.jpg,2
Test_80.jpg,1
Test_81.jpg,8
Test_82.jpg,23
Test_83.jpg,4
Test_84.jpg,24
Test_85.jpg,17
Test_86.jpg,22
Test_87.jpg,4
Test_88.jpg,5
Test_89.jpg,6
Test_90.jpg,0
Test_91.jpg,18
Test_92.jpg,16
Test_93.jpg,3
Test_94.jpg,1
Test_95.jpg,16
Test_96.jpg,3
Test_97.jpg,3
Test_98.jpg,13
Test_99.jpg,17
Test_100.jpg,17
Test_101.jpg,13
Test_102.jpg,13
Test_103.jpg,16
Test_104.jpg,21
Test_105.jpg,2
Test_106.jpg,6
Test_107.jpg,13
Test_108.jpg,1
Test_109.jpg,17
Test_110.jpg,5
Test_111.jpg,19
Test_112.jpg,7
Test_113.jpg,0
Test_114.jpg,6
Test_115.jpg,9
Test_116.jpg,19
Test_117.jpg,12
Test_118.jpg,7
Test_119.jpg,10
Test_120.jpg,13
Test_121.jpg,11
Test_122.jpg,10
Test_123.jpg,0
Test_124.jpg,8
Test_125.jpg,9
Test_126.jpg,1
Test_127.jpg,0
Test_128.jpg,16
Test_129.jpg,21
Test_130.jpg,24
Test_131.jpg,17
Test_132.jpg,6
Test_133.jpg,3
Test_134.jpg,3
Test_135.jpg,22
Test_136.jpg,0
Test_137.jpg,9
Test_138.jpg,3
Test_139.jpg,17
Test_140.jpg,19
Test_141.jpg,1
Test_142.jpg,10
Test_143.jpg,11
Test_144.jpg,1
Test_145.jpg,6
Test_146.jpg,22
Test_147.jpg,4
Test_148.jpg,19
Test_149.jpg,3
Test_150.jpg,18
Test_151.jpg,23
Test_152.jpg,18
Test_153.jpg,22
Test_154.jpg,20
Test_155.jpg,6
Test_156.jpg,14
Test_157.jpg,8
Test_158.jpg,15
Test_159.jpg,10
Test_160.jpg,8
Test_161.jpg,14
Test_162.jpg,6
Test_163.jpg,20
Test_164.jpg,22
Test_165.jpg,11
Test_166.jpg,1
Test_167.jpg,15
Test_168.jpg,11
Test_169.jpg,6
Test_170.jpg,7
Test_171.jpg,3
Test_172.jpg,20
Test_173.jpg,24
Test_174.jpg,16
Test_175.jpg,8
Test_176.jpg,8
Test_177.jpg,17
Test_178.jpg,10
Test_179.jpg,12
Test_180.jpg,17
Test_181.jpg,6
Test_182.jpg,0
Test_183.jpg,3
Test_184.jpg,17
Test_185.jpg,13
Test_186.jpg,3
Test_187.jpg,14
Test_188.jpg,3
Test_189.jpg,21
Test_190.jpg,17
Test_191.jpg,20
Test_192.jpg,14
Test_193.jpg,10
Test_194.jpg,2
Test_195.jpg,23
Test_196.jpg,3
Test_197.jpg,24
Test_198.jpg,6
Test_199.jpg,9
Test_200.jpg,10
Test_201.jpg,22
Test_202.jpg,16
Test_203.jpg,5
Test_204.jpg,4
Test_205.jpg,2
Test_206.jpg,2
Test_207.jpg,8
Test_208.jpg,9
Test_209.jpg,2
Test_210.jpg,4
Test_211.jpg,23
Test_212.jpg,24
Test_213.jpg,13
Test_214.jpg,0
Test_215.jpg,6
Test_216.jpg,2
Test_217.jpg,21
Test_218.jpg,14
Test_219.jpg,7
Test_220.jpg,4
Test_221.jpg,8
Test_222.jpg,23
Test_223.jpg,0
Test_224.jpg,22
Test_225.jpg,18
Test_226.jpg,0
Test_227.jpg,9
Test_228.jpg,19
Test_229.jpg,15
Test_230.jpg,14
Test_231.jpg,5
Test_232.jpg,17
Test_233.jpg,3
Test_234.jpg,6
Test_235.jpg,6
Test_236.jpg,11
Test_237.jpg,18
Test_238.jpg,10
Test_239.jpg,18
Test_240.jpg,16
Test_241.jpg,24
Test_242.jpg,24
Test_243.jpg,12
Test_244.jpg,23
Test_245.jpg,10
Test_246.jpg,8
Test_247.jpg,8
Test_248.jpg,23
Test_249.jpg,6
Test_250.jpg,16
Test_251.jpg,6
Test_252.jpg,16
Test_253.jpg,14
Test_254.jpg,5
Test_255.jpg,23
Test_256.jpg,24
Test_257.jpg,14
Test_258.jpg,4
Test_259.jpg,2
Test_260.jpg,17
Test_261.jpg,11
Test_262.jpg,19
Test_263.jpg,0
Test_264.jpg,7
Test_265.jpg,12
Test_266.jpg,13
Test_267.jpg,7
Test_268.jpg,21
Test_269.jpg,1
Test_270.jpg,16
Test_271.jpg,6
Test_272.jpg,2
Test_273.jpg,6
Test_274.jpg,3
Test_275.jpg,16
Test_276.jpg,23
Test_277.jpg,10
Test_278.jpg,1
Test_279.jpg,22
Test_280.jpg,5
Test_281.jpg,2
Test_282.jpg,12
Test_283.jpg,8
Test_284.jpg,0
Test_285.jpg,13
Test_286.jpg,3
Test_287.jpg,17
Test_288.jpg,21
Test_289.jpg,21
Test_290.jpg,20
Test_291.jpg,2
Test_292.jpg,6
Test_293.jpg,11
Test_294.jpg,20
Test_295.jpg,1
Test_296.jpg,15
Test_297.jpg,13
Test_298.jpg,18
Test_299.jpg,1
Test_300.jpg,7
Test_301.jpg,7
Test_302.jpg,14
Test_303.jpg,8
Test_304.jpg,20
Test_305.jpg,7
Test_306.jpg,11
Test_307.jpg,0
Test_308.jpg,1
Test_309.jpg,6
Test_310.jpg,12
Test_311.jpg,3
Test_312.jpg,7
Test_313.jpg,14
Test_314.jpg,24
Test_315.jpg,10
Test_316.jpg,16
Test_317.jpg,13
Test_318.jpg,4
Test_319.jpg,24
Test_320.jpg,10
Test_321.jpg,16
Test_322.jpg,0
Test_323.jpg,24
Test_324.jpg,7
Test_325.jpg,17
Test_326.jpg,20
Test_327.jpg,10
Test_328.jpg,3
Test_329.jpg,8
Test_330.jpg,16
Test_331.jpg,1
Test_332.jpg,19
Test_333.jpg,21
Test_334.jpg,14
Test_335.jpg,24
Test_336.jpg,19
Test_337.jpg,20
Test_338.jpg,22
Test_339.jpg,22
Test_340.jpg,17
Test_341.jpg,2
Test_342.jpg,18
Test_343.jpg,17
Test_344.jpg,16
Test_345.jpg,4
Test_346.jpg,0
Test_347.jpg,24
Test_348.jpg,9
Test_349.jpg,10
Test_350.jpg,22
Test_351.jpg,8
Test_352.jpg,2
Test_353.jpg,2
Test_354.jpg,1
Test_355.jpg,15
Test_356.jpg,16
Test_357.jpg,3
Test_358.jpg,15
Test_359.jpg,15
Test_360.jpg,6
Test_361.jpg,0
Test_362.jpg,4
Test_363.jpg,12
Test_364.jpg,3
Test_365.jpg,6
Test_366.jpg,1
Test_367.jpg,7
Test_368.jpg,23
Test_369.jpg,3
Test_370.jpg,9
Test_371.jpg,22
Test_372.jpg,3
Test_373.jpg,4
Test_374.jpg,10
Test_375.jpg,18
Test_376.jpg,4
Test_377.jpg,7
Test_378.jpg,15
Test_379.jpg,3
Test_380.jpg,8
Test_381.jpg,1
Test_382.jpg,8
Test_383.jpg,3
Test_384.jpg,12
Test_385.jpg,8
Test_386.jpg,16
Test_387.jpg,16
Test_388.jpg,11
Test_389.jpg,16
Test_390.jpg,5
Test_391.jpg,1
Test_392.jpg,0
Test_393.jpg,19
Test_394.jpg,2
Test_395.jpg,18
Test_396.jpg,21
Test_397.jpg,24
Test_398.jpg,14
Test_399.jpg,5
Test_400.jpg,21
Test_401.jpg,4
Test_402.jpg,5
Test_403.jpg,23
Test_404.jpg,6
Test_405.jpg,0
Test_406.jpg,17
Test_407.jpg,1
Test_408.jpg,14
Test_409.jpg,9
Test_410.jpg,22
Test_411.jpg,24
Test_412.jpg,6
Test_413.jpg,6
Test_414.jpg,8
Test_415.jpg,3
Test_416.jpg,16
Test_417.jpg,11
Test_418.jpg,10
Test_419.jpg,17
Test_420.jpg,8
Test_421.jpg,1
Test_422.jpg,13
Test_423.jpg,1
Test_424.jpg,14
Test_425.jpg,0
Test_426.jpg,23
Test_427.jpg,19
Test_428.jpg,16
Test_429.jpg,4
Test_430.jpg,1
Test_431.jpg,1
Test_432.jpg,3
Test_433.jpg,9
Test_434.jpg,9
Test_435.jpg,3
Test_436.jpg,1
Test_437.jpg,19
Test_438.jpg,6
Test_439.jpg,7
Test_440.jpg,10
Test_441.jpg,6
Test_442.jpg,15
Test_443.jpg,24
Test_444.jpg,18
Test_445.jpg,3
Test_446.jpg,16
Test_447.jpg,2
Test_448.jpg,17
Test_449.jpg,3
Test_450.jpg,14
Test_451.jpg,23
Test_452.jpg,5
Test_453.jpg,11
Test_454.jpg,14
Test_455.jpg,4
Test_456.jpg,3
Test_457.jpg,4
Test_458.jpg,19
Test_459.jpg,4
Test_460.jpg,0
Test_461.jpg,6
Test_462.jpg,22
Test_463.jpg,10
Test_464.jpg,14
Test_465.jpg,7
Test_466.jpg,6
Test_467.jpg,10
Test_468.jpg,9
Test_469.jpg,19
Test_470.jpg,7
Test_471.jpg,8
Test_472.jpg,10
Test_473.jpg,18
Test_474.jpg,15
Test_475.jpg,15
Test_476.jpg,18
Test_477.jpg,10
Test_478.jpg,4
Test_479.jpg,19
Test_480.jpg,11
Test_481.jpg,0
Test_482.jpg,8
Test_483.jpg,14
Test_484.jpg,16
Test_485.jpg,0
Test_486.jpg,9
Test_487.jpg,8
Test_488.jpg,18
Test_489.jpg,18
Test_490.jpg,18
Test_491.jpg,3
Test_492.jpg,22
Test_493.jpg,10
Test_494.jpg,6
Test_495.jpg,24
Test_496.jpg,24
Test_497.jpg,1
Test_498.jpg,3
Test_499.jpg,8
Test_500.jpg,24
Test_501.jpg,16
Test_502.jpg,20
Test_503.jpg,16
Test_504.jpg,12
Test_505.jpg,17
Test_506.jpg,6
Test_507.jpg,0
Test_508.jpg,9
Test_509.jpg,12
Test_510.jpg,16
Test_511.jpg,1
Test_512.jpg,15
Test_513.jpg,13
Test_514.jpg,4
Test_515.jpg,19
Test_516.jpg,24
Test_517.jpg,6
Test_518.jpg,9
Test_519.jpg,12
Test_520.jpg,21
Test_521.jpg,8
Test_522.jpg,4
Test_523.jpg,24
Test_524.jpg,6
Test_525.jpg,23
Test_526.jpg,22
Test_527.jpg,1
Test_528.jpg,0
Test_529.jpg,6
Test_530.jpg,5
Test_531.jpg,3
Test_532.jpg,23
Test_533.jpg,24
Test_534.jpg,21
Test_535.jpg,12
Test_536.jpg,2
Test_537.jpg,12
Test_538.jpg,21
Test_539.jpg,23
Test_540.jpg,23
Test_541.jpg,8
Test_542.jpg,9
Test_543.jpg,12
Test_544.jpg,21
Test_545.jpg,23
Test_546.jpg,14
Test_547.jpg,4
Test_548.jpg,10
Test_549.jpg,10
Test_550.jpg,0
Test_551.jpg,12
Test_552.jpg,11
Test_553.jpg,18
Test_554.jpg,24
Test_555.jpg,10
Test_556.jpg,4
Test_557.jpg,23
Test_558.jpg,9
Test_559.jpg,4
Test_560.jpg,24
Test_561.jpg,3
Test_562.jpg,3
Test_563.jpg,7
Test_564.jpg,4
Test_565.jpg,6
Test_566.jpg,3
Test_567.jpg,12
Test_568.jpg,8
Test_569.jpg,9
Test_570.jpg,16
Test_571.jpg,1
Test_572.jpg,1
Test_573.jpg,9
Test_574.jpg,6
Test_575.jpg,6
Test_576.jpg,1
Test_577.jpg,7
Test_578.jpg,12
Test_579.jpg,7
Test_580.jpg,7
Test_581.jpg,19
Test_582.jpg,21
Test_583.jpg,21
Test_584.jpg,3
Test_585.jpg,17
Test_586.jpg,22
Test_587.jpg,7
Test_588.jpg,0
Test_589.jpg,17
Test_590.jpg,17
Test_591.jpg,14
Test_592.jpg,3
Test_593.jpg,19
Test_594.jpg,18
Test_595.jpg,12
Test_596.jpg,2
Test_597.jpg,6
Test_598.jpg,16
Test_599.jpg,9
Test_600.jpg,19
Test_601.jpg,23
Test_602.jpg,2
Test_603.jpg,3
Test_604.jpg,16
Test_605.jpg,24
Test_606.jpg,17
Test_607.jpg,8
Test_608.jpg,4
Test_609.jpg,10
Test_610.jpg,8
Test_611.jpg,10
Test_612.jpg,8
Test_613.jpg,11
Test_614.jpg,10
Test_615.jpg,11
Test_616.jpg,14
Test_617.jpg,21
Test_618.jpg,4
Test_619.jpg,17
Test_620.jpg,4
Test_621.jpg,7
Test_622.jpg,15
Test_623.jpg,3
Test_624.jpg,7
Test_625.jpg,3
Test_626.jpg,0
Test_627.jpg,3
Test_628.jpg,4
Test_629.jpg,15
Test_630.jpg,8
Test_631.jpg,24
Test_632.jpg,9
Test_633.jpg,4
Test_634.jpg,4
Test_635.jpg,4
Test_636.jpg,16
Test_637.jpg,0
Test_638.jpg,17
Test_639.jpg,24
Test_640.jpg,3
Test_641.jpg,17
Test_642.jpg,8
Test_643.jpg,7
Test_644.jpg,4
Test_645.jpg,24
Test_646.jpg,4
Test_647.jpg,10
Test_648.jpg,22
Test_649.jpg,4
Test_650.jpg,7
Test_651.jpg,15
Test_652.jpg,0
Test_653.jpg,10
Test_654.jpg,1
Test_655.jpg,8
Test_656.jpg,0
Test_657.jpg,9
Test_658.jpg,10
Test_659.jpg,3
Test_660.jpg,1
Test_661.jpg,14
Test_662.jpg,22
Test_663.jpg,2
Test_664.jpg,16
Test_665.jpg,21
Test_666.jpg,21
Test_667.jpg,14
Test_668.jpg,13
Test_669.jpg,14
Test_670.jpg,2
Test_671.jpg,4
Test_672.jpg,7
Test_673.jpg,11
Test_674.jpg,18
Test_675.jpg,9
Test_676.jpg,3
Test_677.jpg,4
Test_678.jpg,9
Test_679.jpg,18
Test_680.jpg,18
Test_681.jpg,21
Test_682.jpg,21
Test_683.jpg,0
Test_684.jpg,13
Test_685.jpg,15
Test_686.jpg,2
Test_687.jpg,8
Test_688.jpg,10
Test_689.jpg,4
Test_690.jpg,4
Test_691.jpg,18
Test_692.jpg,3
Test_693.jpg,17
Test_694.jpg,16
Test_695.jpg,3
Test_696.jpg,23
Test_697.jpg,20
Test_698.jpg,0
Test_699.jpg,20
Test_700.jpg,1
Test_701.jpg,7
Test_702.jpg,20
Test_703.jpg,11
Test_704.jpg,4
Test_705.jpg,13
Test_706.jpg,5
Test_707.jpg,15
Test_708.jpg,15
Test_709.jpg,23
Test_710.jpg,24
Test_711.jpg,14
Test_712.jpg,18
Test_713.jpg,0
Test_714.jpg,4
Test_715.jpg,0
Test_716.jpg,8
Test_717.jpg,6
Test_718.jpg,4
Test_719.jpg,0
Test_720.jpg,3
Test_721.jpg,4
Test_722.jpg,6
Test_723.jpg,13
Test_724.jpg,21
Test_725.jpg,23
Test_726.jpg,6
Test_727.jpg,3
Test_728.jpg,22
Test_729.jpg,4
Test_730.jpg,17
Test_731.jpg,2
Test_732.jpg,19
Test_733.jpg,23
Test_734.jpg,8
Test_735.jpg,3
Test_736.jpg,10
Test_737.jpg,24
Test_738.jpg,21
Test_739.jpg,15
Test_740.jpg,3
Test_741.jpg,4
Test_742.jpg,14
Test_743.jpg,23
Test_744.jpg,5
Test_745.jpg,10
Test_746.jpg,6
Test_747.jpg,10
Test_748.jpg,6
Test_749.jpg,18
Test_750.jpg,6
Test_751.jpg,5
Test_752.jpg,4
Test_753.jpg,0
Test_754.jpg,20
Test_755.jpg,6
Test_756.jpg,4
Test_757.jpg,13
Test_758.jpg,3
Test_759.jpg,18
Test_760.jpg,16
Test_761.jpg,10
Test_762.jpg,6
Test_763.jpg,19
Test_764.jpg,24
Test_765.jpg,5
Test_766.jpg,17
Test_767.jpg,6
Test_768.jpg,4
Test_769.jpg,6
Test_770.jpg,4
Test_771.jpg,5
Test_772.jpg,10
Test_773.jpg,14
Test_774.jpg,12
Test_775.jpg,24
Test_776.jpg,3
Test_777.jpg,17
Test_778.jpg,6
Test_779.jpg,24
Test_780.jpg,11
Test_781.jpg,4
Test_782.jpg,23
Test_783.jpg,19
Test_784.jpg,9
Test_785.jpg,18
Test_786.jpg,12
Test_787.jpg,19
Test_788.jpg,10
Test_789.jpg,10
Test_790.jpg,7
Test_791.jpg,23
Test_792.jpg,22
Test_793.jpg,1
Test_794.jpg,19
Test_795.jpg,8
Test_796.jpg,3
Test_797.jpg,4
Test_798.jpg,3
Test_799.jpg,16
Test_800.jpg,6
Test_801.jpg,9
Test_802.jpg,19
Test_803.jpg,2
Test_804.jpg,2
Test_805.jpg,13
Test_806.jpg,8
Test_807.jpg,16
Test_808.jpg,13
Test_809.jpg,9
Test_810.jpg,1
Test_811.jpg,2
Test_812.jpg,7
Test_813.jpg,20
Test_814.jpg,8
Test_815.jpg,0
Test_816.jpg,3
Test_817.jpg,16
Test_818.jpg,6
Test_819.jpg,23
Test_820.jpg,22
Test_821.jpg,3
Test_822.jpg,17
Test_823.jpg,5
Test_824.jpg,4
Test_825.jpg,16
Test_826.jpg,4
Test_827.jpg,3
Test_828.jpg,0
Test_829.jpg,22
Test_830.jpg,7
Test_831.jpg,17
Test_832.jpg,17
Test_833.jpg,16
Test_834.jpg,16
Test_835.jpg,2
Test_836.jpg,14
Test_837.jpg,16
Test_838.jpg,21
Test_839.jpg,15
Test_840.jpg,24
Test_841.jpg,4
Test_842.jpg,3
Test_843.jpg,4
Test_844.jpg,6
Test_845.jpg,10
Test_846.jpg,1
Test_847.jpg,3
Test_848.jpg,5
Test_849.jpg,15
Test_850.jpg,3
Test_851.jpg,13
Test_852.jpg,8
Test_853.jpg,1
Test_854.jpg,14
Test_855.jpg,7
Test_856.jpg,19
Test_857.jpg,8
Test_858.jpg,10
Test_859.jpg,19
Test_860.jpg,10
Test_861.jpg,24
Test_862.jpg,9
Test_863.jpg,6
Test_864.jpg,22
Test_865.jpg,5
Test_866.jpg,8
Test_867.jpg,4
Test_868.jpg,19
Test_869.jpg,24
Test_870.jpg,3
Test_871.jpg,10
Test_872.jpg,5
Test_873.jpg,2
Test_874.jpg,1
Test_875.jpg,10
Test_876.jpg,16
Test_877.jpg,10
Test_878.jpg,11
Test_879.jpg,12
Test_880.jpg,4
Test_881.jpg,18
Test_882.jpg,1
Test_883.jpg,3
Test_884.jpg,19
Test_885.jpg,23
Test_886.jpg,19
Test_887.jpg,24
Test_888.jpg,1
Test_889.jpg,8
Test_890.jpg,23
Test_891.jpg,11
Test_892.jpg,24
Test_893.jpg,1
Test_894.jpg,5
Test_895.jpg,10
Test_896.jpg,3
Test_897.jpg,4
Test_898.jpg,20
Test_899.jpg,16
Test_900.jpg,22
Test_901.jpg,24
Test_902.jpg,11
Test_903.jpg,19
Test_904.jpg,24
Test_905.jpg,11
Test_906.jpg,6
Test_907.jpg,15
Test_908.jpg,23
Test_909.jpg,13
Test_910.jpg,0
Test_911.jpg,1
Test_912.jpg,13
Test_913.jpg,3
Test_914.jpg,6
Test_915.jpg,16
Test_916.jpg,7
Test_917.jpg,16
Test_918.jpg,7
Test_919.jpg,17
Test_920.jpg,7
Test_921.jpg,6
Test_922.jpg,3
Test_923.jpg,10
Test_924.jpg,22
Test_925.jpg,14
Test_926.jpg,11
Test_927.jpg,23
Test_928.jpg,8
Test_929.jpg,15
Test_930.jpg,16
Test_931.jpg,18
Test_932.jpg,1
Test_933.jpg,2
Test_934.jpg,8
Test_935.jpg,12
Test_936.jpg,18
Test_937.jpg,3
Test_938.jpg,2
Test_939.jpg,1
Test_940.jpg,15
Test_941.jpg,18
Test_942.jpg,23
Test_943.jpg,6
Test_944.jpg,5
Test_945.jpg,17
Test_946.jpg,15
Test_947.jpg,15
Test_948.jpg,6
Test_949.jpg,18
Test_950.jpg,16
Test_951.jpg,2
Test_952.jpg,16
Test_953.jpg,3
Test_954.jpg,4
Test_955.jpg,6
Test_956.jpg,24
Test_957.jpg,4
Test_958.jpg,3
Test_959.jpg,0
Test_960.jpg,13
Test_961.jpg,5
Test_962.jpg,24
Test_963.jpg,19
Test_964.jpg,10
Test_965.jpg,9
Test_966.jpg,19
Test_967.jpg,8
Test_968.jpg,10
Test_969.jpg,7
Test_970.jpg,3
Test_971.jpg,13
Test_972.jpg,10
Test_973.jpg,10
Test_974.jpg,23
Test_975.jpg,14
Test_976.jpg,3
Test_977.jpg,14
Test_978.jpg,3
Test_979.jpg,0
Test_980.jpg,5
Test_981.jpg,9
Test_982.jpg,22
Test_983.jpg,6
Test_984.jpg,16
Test_985.jpg,9
Test_986.jpg,6
Test_987.jpg,9
Test_988.jpg,6
Test_989.jpg,4
Test_990.jpg,23
Test_991.jpg,10
Test_992.jpg,8
Test_993.jpg,24
Test_994.jpg,10
Test_995.jpg,9
Test_996.jpg,13
Test_997.jpg,10
Test_998.jpg,10
Test_999.jpg,21
Test_1000.jpg,9
Test_1001.jpg,24
Test_1002.jpg,7
Test_1003.jpg,2
Test_1004.jpg,3
Test_1005.jpg,22
Test_1006.jpg,11
Test_1007.jpg,4
Test_1008.jpg,6
Test_1009.jpg,11
Test_1010.jpg,15
Test_1011.jpg,13
Test_1012.jpg,17
Test_1013.jpg,4
Test_1014.jpg,21
Test_1015.jpg,2
Test_1016.jpg,4
Test_1017.jpg,3
Test_1018.jpg,18
Test_1019.jpg,5
Test_1020.jpg,4
Test_1021.jpg,9
Test_1022.jpg,2
Test_1023.jpg,23
Test_1024.jpg,10
Test_1025.jpg,2
Test_1026.jpg,2
Test_1027.jpg,1
Test_1028.jpg,6
Test_1029.jpg,16
Test_1030.jpg,6
Test_1031.jpg,24
Test_1032.jpg,24
Test_1033.jpg,12
Test_1034.jpg,6
Test_1035.jpg,1
Test_1036.jpg,16
Test_1037.jpg,1
Test_1038.jpg,14
Test_1039.jpg,12
Test_1040.jpg,4
Test_1041.jpg,10
Test_1042.jpg,1
Test_1043.jpg,0
Test_1044.jpg,13
Test_1045.jpg,8
Test_1046.jpg,19
Test_1047.jpg,18
Test_1048.jpg,12
Test_1049.jpg,17
Test_1050.jpg,3
Test_1051.jpg,24
Test_1052.jpg,22
Test_1053.jpg,21
Test_1054.jpg,6
Test_1055.jpg,23
Test_1056.jpg,2
Test_1057.jpg,18
Test_1058.jpg,3
Test_1059.jpg,6
Test_1060.jpg,8
Test_1061.jpg,1
Test_1062.jpg,16
Test_1063.jpg,13
Test_1064.jpg,8
Test_1065.jpg,12
Test_1066.jpg,23
Test_1067.jpg,6
Test_1068.jpg,16
Test_1069.jpg,4
Test_1070.jpg,4
Test_1071.jpg,15
Test_1072.jpg,19
Test_1073.jpg,13
Test_1074.jpg,7
Test_1075.jpg,16
Test_1076.jpg,3
Test_1077.jpg,5
Test_1078.jpg,7
Test_1079.jpg,15
Test_1080.jpg,21
Test_1081.jpg,11
Test_1082.jpg,0
Test_1083.jpg,4
Test_1084.jpg,16
Test_1085.jpg,19
Test_1086.jpg,6
Test_1087.jpg,10
Test_1088.jpg,16
Test_1089.jpg,14
Test_1090.jpg,23
Test_1091.jpg,6
Test_1092.jpg,2
Test_1093.jpg,3
Test_1094.jpg,17
Test_1095.jpg,8
Test_1096.jpg,1
Test_1097.jpg,5
Test_1098.jpg,8
Test_1099.jpg,2
Test_1100.jpg,24
Test_1101.jpg,0
Test_1102.jpg,6
Test_1103.jpg,23
Test_1104.jpg,10
Test_1105.jpg,9
Test_1106.jpg,23
Test_1107.jpg,0
Test_1108.jpg,4
Test_1109.jpg,16
Test_1110.jpg,0
Test_1111.jpg,18
Test_1112.jpg,11
Test_1113.jpg,2
Test_1114.jpg,3
Test_1115.jpg,23
Test_1116.jpg,6
Test_1117.jpg,1
Test_1118.jpg,6
Test_1119.jpg,24
Test_1120.jpg,0
Test_1121.jpg,17
Test_1122.jpg,23
Test_1123.jpg,3
Test_1124.jpg,16
Test_1125.jpg,5
Test_1126.jpg,3
Test_1127.jpg,3
Test_1128.jpg,16
Test_1129.jpg,3
Test_1130.jpg,7
Test_1131.jpg,16
Test_1132.jpg,23
Test_1133.jpg,18
Test_1134.jpg,23
Test_1135.jpg,16
Test_1136.jpg,18
Test_1137.jpg,17
Test_1138.jpg,3
Test_1139.jpg,8
Test_1140.jpg,2
Test_1141.jpg,19
Test_1142.jpg,7
Test_1143.jpg,23
Test_1144.jpg,12
Test_1145.jpg,9
Test_1146.jpg,5
Test_1147.jpg,0
Test_1148.jpg,16
Test_1149.jpg,12
Test_1150.jpg,6
Test_1151.jpg,10
Test_1152.jpg,14
Test_1153.jpg,0
Test_1154.jpg,2
Test_1155.jpg,4
Test_1156.jpg,22
Test_1157.jpg,20
Test_1158.jpg,4
Test_1159.jpg,3
Test_1160.jpg,10
Test_1161.jpg,3
Test_1162.jpg,17
Test_1163.jpg,19
Test_1164.jpg,24
Test_1165.jpg,5
Test_1166.jpg,3
Test_1167.jpg,18
Test_1168.jpg,7
Test_1169.jpg,20
Test_1170.jpg,14
Test_1171.jpg,22
Test_1172.jpg,19
Test_1173.jpg,16
Test_1174.jpg,14
Test_1175.jpg,0
Test_1176.jpg,22
Test_1177.jpg,23
Test_1178.jpg,23
Test_1179.jpg,9
Test_1180.jpg,17
Test_1181.jpg,16
Test_1182.jpg,23
Test_1183.jpg,23
Test_1184.jpg,23
Test_1185.jpg,3
Test_1186.jpg,11
Test_1187.jpg,20
Test_1188.jpg,23
Test_1189.jpg,1
Test_1190.jpg,0
Test_1191.jpg,4
Test_1192.jpg,13
Test_1193.jpg,10
Test_1194.jpg,0
Test_1195.jpg,13
Test_1196.jpg,0
Test_1197.jpg,4
Test_1198.jpg,1
Test_1199.jpg,6
Test_1200.jpg,5
Test_1201.jpg,16
Test_1202.jpg,8
Test_1203.jpg,14
Test_1204.jpg,22
Test_1205.jpg,16
Test_1206.jpg,23
Test_1207.jpg,15
Test_1208.jpg,23
Test_1209.jpg,21
Test_1210.jpg,22
Test_1211.jpg,10
Test_1212.jpg,20
Test_1213.jpg,4
Test_1214.jpg,5
Test_1215.jpg,4
Test_1216.jpg,6
Test_1217.jpg,10
Test_1218.jpg,20
Test_1219.jpg,9
Test_1220.jpg,18
Test_1221.jpg,24
Test_1222.jpg,16
Test_1223.jpg,3
Test_1224.jpg,9
Test_1225.jpg,4
Test_1226.jpg,22
Test_1227.jpg,11
Test_1228.jpg,8
Test_1229.jpg,24
Test_1230.jpg,16
Test_1231.jpg,12
Test_1232.jpg,15
Test_1233.jpg,20
Test_1234.jpg,1
Test_1235.jpg,13
Test_1236.jpg,16
Test_1237.jpg,9
Test_1238.jpg,8
Test_1239.jpg,13
Test_1240.jpg,5
Test_1241.jpg,4
Test_1242.jpg,23
Test_1243.jpg,13
Test_1244.jpg,10
Test_1245.jpg,14
Test_1246.jpg,18
Test_1247.jpg,7
Test_1248.jpg,16
Test_1249.jpg,3
Test_1250.jpg,10
Test_1251.jpg,8
Test_1252.jpg,13
Test_1253.jpg,7
Test_1254.jpg,8
Test_1255.jpg,4
Test_1256.jpg,24
Test_1257.jpg,3
Test_1258.jpg,4
Test_1259.jpg,13
Test_1260.jpg,0
Test_1261.jpg,3
Test_1262.jpg,3
Test_1263.jpg,19
Test_1264.jpg,7
Test_1265.jpg,16
Test_1266.jpg,8
Test_1267.jpg,7
Test_1268.jpg,7
Test_1269.jpg,5
Test_1270.jpg,5
Test_1271.jpg,3
Test_1272.jpg,7
Test_1273.jpg,6
Test_1274.jpg,14
Test_1275.jpg,13
Test_1276.jpg,16
Test_1277.jpg,3
Test_1278.jpg,11
Test_1279.jpg,1
Test_1280.jpg,9
Test_1281.jpg,23
Test_1282.jpg,24
Test_1283.jpg,14
Test_1284.jpg,0
Test_1285.jpg,18
Test_1286.jpg,8
Test_1287.jpg,3
Test_1288.jpg,7
Test_1289.jpg,11
Test_1290.jpg,23
Test_1291.jpg,4
Test_1292.jpg,14
Test_1293.jpg,21
Test_1294.jpg,19
Test_1295.jpg,10
Test_1296.jpg,24
Test_1297.jpg,24
Test_1298.jpg,1
Test_1299.jpg,11
Test_1300.jpg,16
Test_1301.jpg,13
Test_1302.jpg,10
Test_1303.jpg,22
Test_1304.jpg,9
Test_1305.jpg,2
Test_1306.jpg,9
Test_1307.jpg,23
Test_1308.jpg,0
Test_1309.jpg,5
Test_1310.jpg,11
Test_1311.jpg,19
Test_1312.jpg,11
Test_1313.jpg,16
Test_1314.jpg,3
Test_1315.jpg,14
Test_1316.jpg,15
Test_1317.jpg,6
Test_1318.jpg,11
Test_1319.jpg,14
Test_1320.jpg,15
Test_1321.jpg,15
Test_1322.jpg,4
Test_1323.jpg,20
Test_1324.jpg,16
Test_1325.jpg,8
Test_1326.jpg,7
Test_1327.jpg,17
Test_1328.jpg,4
Test_1329.jpg,19
Test_1330.jpg,24
Test_1331.jpg,0
Test_1332.jpg,10
Test_1333.jpg,10
Test_1334.jpg,16
Test_1335.jpg,13
Test_1336.jpg,14
Test_1337.jpg,17
Test_1338.jpg,8
Test_1339.jpg,14
Test_1340.jpg,11
Test_1341.jpg,23
Test_1342.jpg,17
Test_1343.jpg,2
Test_1344.jpg,1
Test_1345.jpg,3
Test_1346.jpg,18
Test_1347.jpg,8
Test_1348.jpg,1
Test_1349.jpg,20
Test_1350.jpg,5
Test_1351.jpg,0
Test_1352.jpg,1
Test_1353.jpg,2
Test_1354.jpg,17
Test_1355.jpg,23
Test_1356.jpg,17
Test_1357.jpg,11
Test_1358.jpg,17
Test_1359.jpg,3
Test_1360.jpg,6
Test_1361.jpg,19
Test_1362.jpg,6
Test_1363.jpg,14
Test_1364.jpg,16
Test_1365.jpg,3
Test_1366.jpg,1
Test_1367.jpg,4
Test_1368.jpg,17
Test_1369.jpg,24
Test_1370.jpg,21
Test_1371.jpg,5
Test_1372.jpg,4
Test_1373.jpg,6
Test_1374.jpg,2
Test_1375.jpg,10
Test_1376.jpg,18
Test_1377.jpg,10
Test_1378.jpg,11
Test_1379.jpg,6
Test_1380.jpg,23
Test_1381.jpg,14
Test_1382.jpg,6
Test_1383.jpg,16
Test_1384.jpg,22
Test_1385.jpg,17
Test_1386.jpg,10
Test_1387.jpg,7
Test_1388.jpg,14
Test_1389.jpg,23
Test_1390.jpg,0
Test_1391.jpg,1
Test_1392.jpg,4
Test_1393.jpg,6
Test_1394.jpg,4
Test_1395.jpg,20
Test_1396.jpg,24
Test_1397.jpg,6
Test_1398.jpg,0
Test_1399.jpg,0
Test_1400.jpg,8
Test_1401.jpg,6
Test_1402.jpg,23
Test_1403.jpg,3
Test_1404.jpg,2
Test_1405.jpg,17
Test_1406.jpg,17
Test_1407.jpg,6
Test_1408.jpg,1
Test_1409.jpg,4
Test_1410.jpg,4
Test_1411.jpg,2
Test_1412.jpg,17
Test_1413.jpg,24
Test_1414.jpg,0
Test_1415.jpg,9
Test_1416.jpg,23
Test_1417.jpg,23
Test_1418.jpg,12
Test_1419.jpg,3
Test_1420.jpg,6
Test_1421.jpg,10
Test_1422.jpg,21
Test_1423.jpg,6
Test_1424.jpg,6
Test_1425.jpg,9
Test_1426.jpg,8
Test_1427.jpg,16
Test_1428.jpg,2
Test_1429.jpg,18
Test_1430.jpg,8
Test_1431.jpg,0
Test_1432.jpg,11
Test_1433.jpg,15
Test_1434.jpg,23
Test_1435.jpg,14
Test_1436.jpg,8
Test_1437.jpg,14
Test_1438.jpg,17
Test_1439.jpg,17
Test_1440.jpg,1
Test_1441.jpg,6
Test_1442.jpg,6
Test_1443.jpg,3
Test_1444.jpg,5
Test_1445.jpg,6
Test_1446.jpg,4
Test_1447.jpg,0
Test_1448.jpg,0
Test_1449.jpg,2
Test_1450.jpg,1
Test_1451.jpg,21
Test_1452.jpg,1
Test_1453.jpg,14
Test_1454.jpg,14
Test_1455.jpg,10
Test_1456.jpg,0
Test_1457.jpg,4
Test_1458.jpg,19
Test_1459.jpg,10
Test_1460.jpg,5
Test_1461.jpg,16
Test_1462.jpg,10
Test_1463.jpg,6
Test_1464.jpg,15
Test_1465.jpg,13
Test_1466.jpg,5
Test_1467.jpg,13
Test_1468.jpg,17
Test_1469.jpg,17
Test_1470.jpg,9
Test_1471.jpg,21
Test_1472.jpg,11
Test_1473.jpg,11
Test_1474.jpg,23
Test_1475.jpg,24
Test_1476.jpg,8
Test_1477.jpg,4
Test_1478.jpg,7
Test_1479.jpg,12
Test_1480.jpg,24
Test_1481.jpg,12
Test_1482.jpg,0
Test_1483.jpg,23
Test_1484.jpg,16
Test_1485.jpg,16
Test_1486.jpg,17
Test_1487.jpg,4
Test_1488.jpg,8
Test_1489.jpg,18
Test_1490.jpg,18
Test_1491.jpg,21
Test_1492.jpg,9
Test_1493.jpg,19
Test_1494.jpg,1
Test_1495.jpg,10
Test_1496.jpg,3
Test_1497.jpg,1
Test_1498.jpg,21
Test_1499.jpg,16
